{
    "type": "minecraft:multi_action",
    "title": "",
    "inputs": [
        {
            "label": "tp_pos_cooldown",
            "type": "minecraft:text",
            "key": "tp_pos_cooldown"
        }
    ],
    "actions": [
        {
            "label": {"translate": "gui.done"},
            "action": {
                "type": "dynamic/run_command",
                "template": "scoreboard players set #tp_pos_cooldown tpa.config $(tp_pos_cooldown)"
            }
        }
    ]
}