{
  "condition": "minecraft:any_of",
  "terms": [
    {
      "condition": "minecraft:value_check",
      "value": {
        "type": "minecraft:score",
        "target": {
          "type": "minecraft:fixed",
          "name": "$vector.abs_min.2"
        },
        "score": "bs.in"
      },
      "range": {
        "min": {
          "type": "minecraft:score",
          "target": {
            "type": "minecraft:fixed",
            "name": "$vector.abs_min"
          },
          "score": "bs.out",
          "scale": -1
        },
        "max": {
          "type": "minecraft:score",
          "target": {
            "type": "minecraft:fixed",
            "name": "$vector.abs_min"
          },
          "score": "bs.out"
        }
      }
    },
    {
      "condition": "minecraft:value_check",
      "value": {
        "type": "minecraft:score",
        "target": {
          "type": "minecraft:fixed",
          "name": "$vector.abs_min.2"
        },
        "score": "bs.in"
      },
      "range": {
        "min": {
          "type": "minecraft:score",
          "target": {
            "type": "minecraft:fixed",
            "name": "$vector.abs_min"
          },
          "score": "bs.out"
        },
        "max": {
          "type": "minecraft:score",
          "target": {
            "type": "minecraft:fixed",
            "name": "$vector.abs_min"
          },
          "score": "bs.out",
          "scale": -1
        }
      }
    }
  ]
}
