{
  "condition": "minecraft:inverted",
  "term": {
    "condition": "minecraft:any_of",
    "terms": [
      {
        "condition": "minecraft:value_check",
        "value": {
          "type": "minecraft:score",
          "target": {
            "type": "minecraft:fixed",
            "name": "$vector.abs_max.1"
          },
          "score": "bs.in"
        },
        "range": {
          "min": {
            "type": "minecraft:score",
            "target": {
              "type": "minecraft:fixed",
              "name": "$vector.abs_max"
            },
            "score": "bs.out",
            "scale": -1
          },
          "max": {
            "type": "minecraft:score",
            "target": {
              "type": "minecraft:fixed",
              "name": "$vector.abs_max"
            },
            "score": "bs.out"
          }
        }
      },
      {
        "condition": "minecraft:value_check",
        "value": {
          "type": "minecraft:score",
          "target": {
            "type": "minecraft:fixed",
            "name": "$vector.abs_max.1"
          },
          "score": "bs.in"
        },
        "range": {
          "min": {
            "type": "minecraft:score",
            "target": {
              "type": "minecraft:fixed",
              "name": "$vector.abs_max"
            },
            "score": "bs.out"
          },
          "max": {
            "type": "minecraft:score",
            "target": {
              "type": "minecraft:fixed",
              "name": "$vector.abs_max"
            },
            "score": "bs.out",
            "scale": -1
          }
        }
      }
    ]
  }
}
