{
    "condition": "any_of",
    "terms": [
        {
            "condition": "entity_scores",
            "entity": "this",
            "scores": {
                "tpa.home": {
                    "max": -1
                }
            }
        },
        {
            "condition": "entity_scores",
            "entity": "this",
            "scores": {
                "tpa.home": {
                    "min": 1
                }
            }
        },
        {
            "condition": "entity_scores",
            "entity": "this",
            "scores": {
                "home": {
                    "max": -1
                }
            }
        },
        {
            "condition": "entity_scores",
            "entity": "this",
            "scores": {
                "home": {
                    "min": 1
                }
            }
        }
    ]
}